vendor,pn,pack_size,description,last_verified
automationdirect,KN-TL14S,20,STEP AP214,2026-04-22
automationdirect,P1-15TD2,1,STEP AP214,2026-04-22
automationdirect,DN-Q12-2-2-A,25,STEP AP214,2026-04-22
automationdirect,T1E-1522G-1,1,STEP AP203,2026-04-22
automationdirect,CWC07-10-30L03,1,STEP AP214,2026-04-22
automationdirect,SE-SW5U,1,STEP AP214,2026-04-22
automationdirect,ACG-40P5,1,STEP AP214,2026-04-22
automationdirect,P1-16ND3,1,STEP AP214,2026-04-22
automationdirect,EN4SD303010GY,1,STEP AP214,2026-04-22
automationdirect,GMCBU-3D-2,1,STEP AP203,2026-04-22
automationdirect,GC-1000R,1,STEP AP203,2026-04-22
automationdirect,P1-540,1,STEP AP214,2026-04-22
automationdirect,ML1-016-E-H03B,1,STEP AP214,2026-04-22
automationdirect,P1-08TD-TTL,1,STEP AP214,2026-04-22
automationdirect,EPG3030,1,STEP AP214,2026-04-22
mcmaster,92510A798,1,92510A798_Aluminum Unthreaded Spacer,2026-04-22
mcmaster,91290A432,50,91290A432_NO THREADS_Black-Oxide Alloy Steel Socket Head Screw,2026-04-22
automationdirect,CMV-C1X-4X,1,STEP AP214,2026-04-22
automationdirect,CMV-ACC02,1,STEP AP214,2026-04-22
automationdirect,SBF-38N,2,STEP AP203,2026-04-22
automationdirect,CMV-A1L-4A,1,STEP AP214,2026-04-22
automationdirect,CMV-A1L-2A,1,STEP AP214,2026-04-22
automationdirect,CMV-C4X,1,STEP AP214,2026-04-22
mcmaster,91292A150,25,STEP AP203,2026-04-22
mcmaster,92981A250,1,STEP AP203,2026-04-22
mcmaster,92510A597,1,STEP AP203,2026-04-22
mcmaster,92510A805,1,STEP AP203,2026-04-22
mcmaster,91259A436,1,STEP AP203,2026-04-22
mcmaster,90593A008,25,STEP AP203,2026-04-22
mcmaster,90593A005,50,STEP AP203,2026-04-22
mcmaster,91294A244,50,STEP AP203,2026-04-22
mcmaster,92981A420,1,STEP AP203,2026-04-22
mcmaster,60645K361,1,60645K361_Ball Joint Rod End,2026-04-22
mcmaster,93655A262,1,STEP AP203,2026-04-22
mcmaster,2030N22,1,2030N22_NO THREADS_Clamping Handle with Internal Thread,2026-04-22
mcmaster,5898K12,1,5898K12_Motorized Roller Conveyor,2026-04-22
mcmaster,90265A250,1,90265A250_18-8 Stainless Steel Shoulder Screw,2026-04-22
mcmaster,91290A438,50,91290A438_NO THREADS_Black-Oxide Alloy Steel Socket Head Screw,2026-04-22
mcmaster,9269K42,1,9269K42_5 Feet Long x 5-8 Thick Channel for Conveyor Guide,2026-04-22
mcmaster,91290A426,50,91290A426_NO THREADS_Black-Oxide Alloy Steel Socket Head Screw,2026-04-22
mcmaster,9269K25,1,9269K25_5 Feet Long x 1 High Wear Strip for Conveyor Guide,2026-04-22
automationdirect,AVS-533C2-24D,1,AVS-533C2-24D (1),2026-04-22
automationdirect,AR2-223,1,STEP AP203,2026-04-22
automationdirect,ME14-14N-B,5,STEP AP203,2026-04-22
automationdirect,SBF-14N,2,STEP AP203,2026-04-22
automationdirect,MS14-14N,5,MS14-14N,2026-04-22
mcmaster,5898K781,1,5898K781_Stand for 16 Overall Width Motorized Roller Conveyor,2026-04-22
mcmaster,5898K14,1,5898K14_Motorized Roller Conveyor,2026-04-22
mcmaster,94453A326,50,94453A326_Metric Class 8.8 Steel Flanged Hex Head Screws,2026-04-22
mcmaster,96194A101,100,96194A101_Medium-Strength Steel Serrated Flange Nut,2026-04-22
mcmaster,92095A258,25,STEP AP203,2026-04-22
mcmaster,93474A414,25,93474A414_NO THREADS_Zinc Yellow-Chromate Plated Class 10.9 Steel Screws,2026-04-22
mcmaster,96194A102,100,96194A102_NO THREADS_Medium-Strength Steel Serrated Flange Nut,2026-04-22
mcmaster,7410T28,1,7410T28_Bolt on Strip Brush with Rigid PVC Holder,2026-04-22
